{
  "Version": "1.0",
  "OrgId": 448105,
  "ClientId": "eb448e80-8b75-aec1-07a6-7bc3fcaacc36",
  "ClientName": "MARCOS CESAR BRUNOZZI",
  "FarmId": "dbe56e5d-9f2a-9a6f-aae3-4209f2339088",
  "FarmName": "FORNECEDORES",
  "FieldId": "216c418e-2a95-45c4-1500-64338cab37c4",
  "FieldName": "67",
  "FieldOperationId": "276b1f55-bfe0-4ba0-80f9-fc4ec3b8d944",
  "Operation": "Harvest",
  "CropSeason": 2025,
  "CropId": 133,
  "CropToken": "SUGAR_CANE",
  "CropName": "Sugarcane",
  "Work": {
    "WorkPlanId": "00000000-0000-0000-0000-000000000000",
    "WorkOrder": ""
  },
  "Product": {
    "ProductId": "7a20804c-275e-4716-97cf-38cb2a121f0c",
    "ProductName": "6654",
    "BrandName": "---",
    "TankMix": false,
    "ProductUseHash": "2c142e73"
  },
  "FieldOperationStartDate": "2025-10-06T09:11:23.802Z",
  "FileCreatedTimeStamp": "2026-02-04T10:45:28.4199215Z",
  "DataAttributes": [
    {
      "Name": "DISTANCE",
      "Unit": "m",
      "Description": "Distance Travelled From Previous Point"
    },
    {
      "Name": "SWATHWIDTH",
      "Unit": "m",
      "Description": "Width Of Element"
    },
    {
      "Name": "VRYLDRCANE",
      "Unit": "t1ha-1",
      "Description": "Yield Raw Cane"
    },
    {
      "Name": "SECTIONID",
      "Description": "Element Id"
    },
    {
      "Name": "Crop",
      "Description": "CropId"
    },
    {
      "Name": "Trash",
      "Unit": "prcnt",
      "Description": "Trash"
    },
    {
      "Name": "Time",
      "Description": "Timestamp"
    },
    {
      "Name": "Heading",
      "Description": "Machine Heading"
    },
    {
      "Name": "VARIETY",
      "Description": "Variety Name"
    },
    {
      "Name": "Elevation",
      "Unit": "m",
      "Description": "Elevation"
    },
    {
      "Name": "IsoTime",
      "Description": "Precise Timestamp"
    },
    {
      "Name": "Machine",
      "Description": "Index into the MachineUsage map, or 0 if no information exists"
    },
    {
      "Name": "FUEL",
      "Unit": "l",
      "Description": "Fuel"
    },
    {
      "Name": "VEHICLSPEED",
      "Unit": "km1hr-1",
      "Description": "Vehicle Speed"
    },
    {
      "Name": "PRODUCTHASH",
      "Description": "ProductUseHash"
    }
  ],
  "MachineUsage": {
    "1": {
      "MachineId": "0e17abcd-78e6-e1ee-1a1e-7dfc395e7f7a",
      "MachineSerial": "1NWC570HJRT240475",
      "PrincipalId": "2358668",
      "OperatorId": "e6fd68b6-803d-4888-bb53-76bb78334a3b",
      "OperatorName": "Adamastor"
    },
    "2": {
      "MachineId": "bd9ceb6e-c916-86db-e35a-93e9ea73d0a6",
      "MachineSerial": "1NWC950HVNT230017",
      "PrincipalId": "1539337",
      "OperatorId": "00000000-0000-0000-0000-000000000000",
      "OperatorName": ""
    }
  },
  "Implements": [],
  "Products": [
    {
      "ProductId": "7a20804c-275e-4716-97cf-38cb2a121f0c",
      "ProductName": "6654",
      "BrandName": "---",
      "TankMix": false,
      "ProductUseHash": "2c142e73"
    },
    {
      "ProductId": "332eb19e-34cd-40a3-90c5-a796857a9140",
      "ProductName": "CTC9002",
      "BrandName": "---",
      "TankMix": false,
      "ProductUseHash": "a344b063"
    },
    {
      "ProductId": "00000000-0000-0000-0000-000000000000",
      "ProductName": "---",
      "BrandName": "---",
      "TankMix": false,
      "ProductUseHash": "3e2d9c87"
    }
  ]
}