{
  "Version": "1.0",
  "OrgId": 448105,
  "ClientId": "eb448e80-8b75-aec1-07a6-7bc3fcaacc36",
  "ClientName": "MARCOS CESAR BRUNOZZI",
  "FarmId": "2b8c1df7-95fb-1813-20f0-73f537b27c6b",
  "FarmName": "63001",
  "FieldId": "66e9fd9d-c874-d79d-5f7a-d9f55500897d",
  "FieldName": "40",
  "FieldOperationId": "0a9da117-e826-45d6-b0f6-dff5c0ea2144",
  "Operation": "Harvest",
  "CropSeason": 2025,
  "CropId": 133,
  "CropToken": "SUGAR_CANE",
  "CropName": "Sugarcane",
  "Work": {
    "WorkPlanId": "00000000-0000-0000-0000-000000000000",
    "WorkOrder": ""
  },
  "Product": {
    "ProductId": "00000000-0000-0000-0000-000000000000",
    "ProductName": "---",
    "BrandName": "---",
    "TankMix": false,
    "ProductUseHash": "3e2d9c87"
  },
  "FieldOperationStartDate": "2025-10-08T01:22:24.950Z",
  "FileCreatedTimeStamp": "2026-02-04T10:44:36.6561449Z",
  "DataAttributes": [
    {
      "Name": "DISTANCE",
      "Unit": "m",
      "Description": "Distance Travelled From Previous Point"
    },
    {
      "Name": "SWATHWIDTH",
      "Unit": "m",
      "Description": "Width Of Element"
    },
    {
      "Name": "VRYLDRCANE",
      "Unit": "t1ha-1",
      "Description": "Yield Raw Cane"
    },
    {
      "Name": "SECTIONID",
      "Description": "Element Id"
    },
    {
      "Name": "Crop",
      "Description": "CropId"
    },
    {
      "Name": "Trash",
      "Unit": "prcnt",
      "Description": "Trash"
    },
    {
      "Name": "Time",
      "Description": "Timestamp"
    },
    {
      "Name": "Heading",
      "Description": "Machine Heading"
    },
    {
      "Name": "VARIETY",
      "Description": "Variety Name"
    },
    {
      "Name": "Elevation",
      "Unit": "m",
      "Description": "Elevation"
    },
    {
      "Name": "IsoTime",
      "Description": "Precise Timestamp"
    },
    {
      "Name": "Machine",
      "Description": "Index into the MachineUsage map, or 0 if no information exists"
    },
    {
      "Name": "FUEL",
      "Unit": "l",
      "Description": "Fuel"
    },
    {
      "Name": "VEHICLSPEED",
      "Unit": "km1hr-1",
      "Description": "Vehicle Speed"
    },
    {
      "Name": "PRODUCTHASH",
      "Description": "ProductUseHash"
    }
  ],
  "MachineUsage": {
    "1": {
      "MachineId": "c1bcedaa-1aad-049c-0942-22b0168a6966",
      "MachineSerial": "1NWC950HHRT240010",
      "PrincipalId": "2206020",
      "OperatorId": "00000000-0000-0000-0000-000000000000",
      "OperatorName": ""
    }
  },
  "Implements": [],
  "Products": [
    {
      "ProductId": "00000000-0000-0000-0000-000000000000",
      "ProductName": "---",
      "BrandName": "---",
      "TankMix": false,
      "ProductUseHash": "3e2d9c87"
    }
  ]
}